id,date,type,source,title,signal,model_dimensions,url,weight
E01,2026-08-17,international_observation_final,European Union Election Observation Mission,PERU 2026: Final Report - General elections and Presidential run-off,Final post-electoral assessment and recommendations; used as the strongest post-election institutional evidence input.,electoral_integrity;governance;rights,https://www.eeas.europa.eu/eom-peru-2026/peru-2026-final-report-general-elections-and-presidential-run_en,1.0
E02,2026-07-08,international_observation,Organization of American States,Segundo Informe de la Misión de Observación Electoral de la OEA en Perú para la Segunda Elección Presidencial 2026,Documents the post-electoral review phase and institutional guarantees/risks after the runoff.,electoral_integrity;legitimacy,https://www.oas.org/es/centro_noticias/comunicado_prensa.asp?sCodigo=D-017%2F26,0.95
E03,2026-07-03,official_result,Jurado Nacional de Elecciones,Elecciones Generales 2026 - proclamación y credencial presidencial,Official proclamation of Keiko Fujimori Higuchi as president-elect; resolves the election outcome used in scenario conditioning.,electoral_outcome;legitimacy,https://portal.jne.gob.pe/portal/Pagina/Ver/979/page/Elecciones-Generales-2026,1.0
E04,2026-07-03,news_wire,Reuters,Keiko Fujimori declared winner of Peru presidential race,"Runoff result 50.135% vs 49.865%, roughly 50,000-vote margin; highlights deep polarization and fragmented Congress.",polarization;governability;legitimacy,https://www.reuters.com/world/americas/keiko-fujimori-declared-winner-peru-presidential-race-2026-07-03/,0.9
E05,2026-07-28,post_inauguration_news,Associated Press,Keiko Fujimori is inaugurated as Peru president following a narrow election victory,Post-inauguration evidence on security agenda and bicameral legislative support constraints/opportunities.,security;governability;rights,https://apnews.com/article/84d08998b1629c95f0383d7b5a7a7f6b,0.8
E06,2026-06-24,expert_analysis,European Center for Populism Studies,Prof. Carrión: I Am Very Pessimistic About the Prospects for Peruvian Democracy,"Expert post-runoff diagnosis of representation weakness, institutional distrust, fragmentation and legitimacy erosion.",political_culture;governability;polarization,https://www.populismstudies.org/prof-carrion-i-am-very-pessimistic-about-the-prospects-for-peruvian-democracy/,0.75
E07,2026-06-01,working_paper,arXiv / authors,Information and voting: Evidence from Peru's 2026 presidential election,Natural experiment on information effects in a fragmented presidential election; informs participation/information-system sensitivity.,participation;electoral_information,https://arxiv.org/abs/2606.01687,0.75
E08,2026-01-01,country_assessment,Bertelsmann Transformation Index,BTI 2026 Peru Country Report,"Structural baseline: weak parties, short-term political calculations and fragile commitment to democratic institutions.",governance;political_culture;rule_of_law,https://bti-project.org/en/reports/country-report/PER,0.7
E09,2026-01-01,official_index_report,Economist Intelligence Unit,Democracy Index 2025: Democracy stabilises after eight years of decline,2025 empirical anchor; regional recovery but EIU outlook anticipated a likely right-wing populist Peruvian government and hard-line security policy.,overall;security;regional_context,https://www.eiu.com/n/campaigns/democracy-index-2025/,1.0
