record_id,queue_priority,title_abstract_status,title,authors,year,source,database,profile,doi,record_url,fulltext_url,retrieval_status,access_route,retrieval_evidence,pdf_identity_gate,fulltext_assessed,eligibility_status,final_inclusion,exclusion_reason,appraisal_tool,appraisal_rating,article_section,evidence_role,democracy_dimension,scenario_link,claim_supported,parameter_effect,review_note
R000001,1,provisional_include,Under Pressure: Explaining Backlash Against Civil Society in the Andean Community,Noah Anders Levine,2018,Scholarship @ Claremont (The Claremont Colleges),openalex,module_A_en,,https://openalex.org/W2891281268,https://scholarship.claremont.edu/cgi/viewcontent.cgi?article=1199&context=pomona_theses,retrieved,drive_open_access,Google Drive OA folder; local extraction drive_02.txt,passed,yes,eligible,included,,AACODS,moderada,Introducción y discusión,contexto de contracción del espacio cívico,libertades_civiles,restrictivo,La presión sobre la sociedad civil ayuda a interpretar riesgos de cierre del espacio cívico.,none; bibliographic evidence does not modify model parameters automatically,Support corpus for an original article; not a systematic-review outcome.
R000005,1,provisional_include,A Lexical Index of Electoral Democracy,Svend‐Erik Skaaning; John Gerring; Henrikas Bartusevičius,2015,Comparative Political Studies,openalex,module_C_en,10.1177/0010414015581050,https://openalex.org/W2125688819,https://pure.au.dk/ws/files/110316577/A_Lexical_Index_of_Electoral_Democracy_postprint_2015.pdf,retrieved,drive_open_access,Google Drive OA folder; local extraction drive_27.txt,passed,yes,eligible,included,,METHOD_RELEVANCE,alta,Métodos,fundamento de medición ordinal,medición_multidimensional,transversal,Las escalas ordinales exigen transparencia sobre reglas y límites inferenciales.,none; bibliographic evidence does not modify model parameters automatically,Support corpus for an original article; not a systematic-review outcome.
R000017,1,provisional_include,"An Ordinal, Concept-driven Approach to Measurement: The Lexical Scale",John Gerring; Daniel Pemstein; Svend‐Erik Skaaning,2018,Sociological Methods & Research,openalex,module_C_en,10.1177/0049124118782531,https://openalex.org/W2882834800,https://journals.sagepub.com/doi/pdf/10.1177/0049124118782531,retrieved,drive_open_access,Google Drive OA folder; local extraction drive_26.txt,passed,yes,eligible,included,,METHOD_RELEVANCE,alta,Métodos y limitaciones,validez de escalas democráticas,medición_multidimensional,transversal,La construcción de escalas democráticas requiere coherencia conceptual y comparabilidad.,none; bibliographic evidence does not modify model parameters automatically,Support corpus for an original article; not a systematic-review outcome.
R000019,1,provisional_include,"Quality Assessment of the Academic Freedom Index: Strengths, Weaknesses, and How Best to Use It",Lars Lott; Janika Spannagel,2025,Perspectives on Politics,openalex,module_C_en,10.1017/s1537592724001968,https://openalex.org/W4407763555,https://www.cambridge.org/core/services/aop-cambridge-core/content/view/66A24D272BAC6A6191BED41942691ACD/S1537592724001968a.pdf/div-class-title-quality-assessment-of-the-academic-freedom-index-strengths-weaknesses-and-how-best-to-use-it-div.pdf,retrieved,drive_open_access,Google Drive OA folder; local extraction drive_06.txt,passed,yes,eligible,included,,MMAT_2018,alta,Métodos y limitaciones,calidad y cobertura de índices,medición_multidimensional,transversal,"Los índices comparados deben declarar cobertura, agregación e incertidumbre.",none; bibliographic evidence does not modify model parameters automatically,Support corpus for an original article; not a systematic-review outcome.
R000057,1,provisional_include,Populismo y retroceso democrático en América Latina,Alejandra Armesto,2025,Revista Latinoamericana sobre Democracia,crossref,module_A_es,10.22201/iis.rld.2025.00.10,https://doi.org/10.22201/iis.rld.2025.00.10,https://www.rld.sociales.unam.mx/index.php/relade/article/download/10/5,retrieved,drive_open_access,Google Drive OA folder; local extraction drive_10.txt,passed,yes,eligible,included,,MMAT_2018,alta,Introducción y discusión,mecanismo populismo-retroceso,cultura_politica,restrictivo,El populismo puede articularse con procesos graduales de retroceso democrático.,none; bibliographic evidence does not modify model parameters automatically,Support corpus for an original article; not a systematic-review outcome.
R000064,1,provisional_include,La militarización de la política democrática en América Latina y sus efectos sobre la calidad del régimen,Alexander Arciniegas-Carreño; Luis Antonio González-Tule; João Carlos Amoroso Botelho,2025,Íconos - Revista de Ciencias Sociales,crossref,module_A_es,10.17141/iconos.83.2025.6607,https://doi.org/10.17141/iconos.83.2025.6607,https://iconos.flacsoandes.edu.ec/index.php/iconos/article/download/6607/4800,retrieved,drive_open_access,Google Drive OA folder; local extraction drive_15.txt,passed,yes,eligible,included,,MMAT_2018,alta,Discusión,militarización y control civil,funcionamiento_gobierno,restrictivo,La militarización amplía riesgos para controles civiles y rendición de cuentas.,none; bibliographic evidence does not modify model parameters automatically,Support corpus for an original article; not a systematic-review outcome.
R000066,1,provisional_include,El fortalecimiento de la calidad de la democracia en América Latina. Una propuesta a partir de la gobernanza democrática,Jose Manuel Ledezma Rosas; Enoc Francisco Morán Torres,2020,Revista Eurolatinoamericana de Derecho Administrativo,crossref,module_A_es,10.14409/redoeda.v7i2.9721,https://doi.org/10.14409/redoeda.v7i2.9721,https://bibliotecavirtual.unl.edu.ar/publicaciones/index.php/Redoeda/article/download/9721/13557,retrieved,drive_open_access,Google Drive OA folder; local extraction drive_21.txt,passed,yes,eligible,included,,MMAT_2018,moderada,Introducción y discusión,gobernanza democrática,funcionamiento_gobierno,recuperacion,La gobernanza democrática depende de instituciones eficaces y responsables.,none; bibliographic evidence does not modify model parameters automatically,Support corpus for an original article; not a systematic-review outcome.
R000070,1,provisional_include,Perspectivas sobre desenvolvimento democrático e qualidade da democracia: Brasil e América Latina,Maria Celina D’Araujo; Guilherme Leite Ribeiro,2016,Sociedade e Cultura,crossref,module_A_pt,10.5216/sec.v18i2.42375,https://doi.org/10.5216/sec.v18i2.42375,https://www.revistas.ufg.br/fchf/article/download/42375/21335,retrieved,drive_open_access,Google Drive OA folder; local extraction drive_11.txt,passed,yes,eligible,included,,MMAT_2018,alta,Introducción y discusión,enfoque multidimensional,medición_multidimensional,transversal,La calidad democrática debe interpretarse como un constructo multidimensional.,none; bibliographic evidence does not modify model parameters automatically,Support corpus for an original article; not a systematic-review outcome.
R000093,1,provisional_include,Cultura política y construcción de ciudadanía: hacia una Dirección de Participación Electoral en el Gobierno del Estado de México,ERICK JOSUE PEREZ DIAZ,2025,Espacios Públicos,crossref,module_B_es,10.36677/espaciospublicos.v26i64.24832,https://doi.org/10.36677/espaciospublicos.v26i64.24832,https://doi.org/10.36677/espaciospublicos.v26i64.24832,retrieved,drive_open_access,Google Drive OA folder; local extraction drive_22.txt,passed,yes,eligible,included,,MMAT_2018,moderada,Discusión,cultura política y ciudadanía,cultura_politica,continuidad,La participación y cultura cívica condicionan la sostenibilidad democrática.,none; bibliographic evidence does not modify model parameters automatically,Support corpus for an original article; not a systematic-review outcome.
R000098,1,provisional_include,"Cuando la integridad electoral está en riesgo: democracia, fraude e instituciones en América Latina",Danillo Rafael Batista,2024,Revista Uruguaya de Ciencia Política,crossref,module_B_es,10.26851/rucp.33.10,https://doi.org/10.26851/rucp.33.10,https://rucp.cienciassociales.edu.uy/index.php/rucp/article/download/661/432,retrieved,legal_open_web,publisher_OA_pdf,passed,yes,eligible,included,,MMAT_2018,alta,Métodos y discusión,integridad electoral,proceso_electoral,transversal,La integridad electoral es una dimensión diferenciada de la calidad democrática.,none; bibliographic evidence does not modify model parameters automatically,Support corpus for an original article; not a systematic-review outcome.
R000173,1,provisional_include,Elecciones Generales Perú 2021: claves para diseccionar las elecciones del Bicentenario,Henry Ayala Abril,2021,Revista Elecciones,crossref,module_E_es,10.53557/elecciones.2021.v20n21.14,https://doi.org/10.53557/elecciones.2021.v20n21.14,https://doi.org/10.53557/elecciones.2021.v20n21.14,retrieved,drive_open_access,Google Drive OA folder; local extraction drive_20.txt,passed,yes,eligible,included,,MMAT_2018,alta,Resultados y discusión,contexto electoral subnacional,proceso_electoral,continuidad,Las elecciones regionales y municipales aportan contexto a la trayectoria institucional reciente.,none; bibliographic evidence does not modify model parameters automatically,Support corpus for an original article; not a systematic-review outcome.
R000174,1,provisional_include,Elecciones Internas Perú 2022: abriendo la “caja negra” de los datos electorales,Narda Carranza Pinedo,2022,Revista Elecciones,crossref,module_E_es,10.53557/elecciones.2022.v21n23.11,https://doi.org/10.53557/elecciones.2022.v21n23.11,https://revistas.onpe.gob.pe/index.php/elecciones/article/download/247/601,retrieved,drive_open_access,Google Drive OA folder; local extraction drive_19.txt,passed,yes,eligible,included,,MMAT_2018,alta,Resultados y discusión,contexto electoral nacional,proceso_electoral,continuidad,El proceso electoral de 2021 permite contextualizar la competencia política peruana.,none; bibliographic evidence does not modify model parameters automatically,Support corpus for an original article; not a systematic-review outcome.
R000205,1,provisional_include,Reelección presidencial y retroceso democrático en América Latina,"Torrico Terán, Mario Alejandro",2024,,core,module_A_es,,https://core.ac.uk/download/618593077.pdf,https://core.ac.uk/download/618593077.pdf,retrieved,legal_open_web,scielo_full_html,passed,yes,eligible,included,,MMAT_2018,alta,Discusión,reelección y retroceso comparado,funcionamiento_gobierno,restrictivo,La concentración ejecutiva y la reelección pueden asociarse con retroceso democrático.,none; bibliographic evidence does not modify model parameters automatically,Support corpus for an original article; not a systematic-review outcome.
R000248,1,provisional_include,Creating Composite Indicators with DEA and Robustness Analysis: the case of the Technology Achievement Index,A. Saltelli; Wim Moesen; R. Liska; Tom Van Puyenbroeck; Michaela Saisana; Laurens Cherchye; Nicky Rogge; S. Tarantola,2006,,core,module_C_en,10.1057/palgrave.jors.2602445,https://core.ac.uk/download/7087829.pdf,https://core.ac.uk/download/7087829.pdf,retrieved,drive_open_access,Google Drive OA folder; local extraction drive_23.txt,passed,yes,eligible,included,,METHOD_RELEVANCE,alta,Métodos y limitaciones,robustez de indicadores compuestos,sensibilidad,transversal,Los indicadores compuestos requieren análisis de sensibilidad a reglas de agregación.,none; bibliographic evidence does not modify model parameters automatically,Support corpus for an original article; not a systematic-review outcome.
R000271,1,provisional_include,Métodos de prospectiva estratégica y participación local en el análisis de estudios de futuro en áreas naturales protegidas,"de los Ángeles La Torre-Cuadros, M.; Fernando Díaz del Olmo; Alexis Nicolás Ibáñez Blancas; Ibáñez Blancas, Alexis Nicolás; Blancas, A.N.I.; María de los Ángeles La Torre-Cuadros; La Torre-Cuadros, María de los Ángeles; Díaz del Olmo, Fernando; del Olmo, F.D.",2023,"{""title"": null, ""identifiers"": []}",core,module_D_es,10.3989/estgeogr.2023131.131,https://core.ac.uk/download/573452480.pdf,https://core.ac.uk/download/573452480.pdf,retrieved,legal_open_web,CSIC_OA_pdf,passed,yes,eligible,included,,MMAT_2018,alta,Métodos,diseño de escenarios,prospectiva,transversal,La prospectiva estratégica permite organizar escenarios exploratorios sin atribuirles probabilidad.,none; bibliographic evidence does not modify model parameters automatically,Support corpus for an original article; not a systematic-review outcome.
R000361,1,provisional_include,Supermajority rules in constitutional courts and democratic backsliding: a comparative analysis,Rivera León M.A.,2026,International Journal of Human Rights,scopus,module_A_en,10.1080/13642987.2026.2711681,https://api.elsevier.com/content/abstract/scopus_id/105046706794,https://www.tandfonline.com/doi/pdf/10.1080/13642987.2026.2711681?needAccess=true,retrieved,drive_open_access,Google Drive OA folder; local extraction drive_05.txt,passed,yes,eligible,included,,MMAT_2018,alta,Discusión,tribunales y retroceso,funcionamiento_gobierno,restrictivo,Los cambios en supermayorías y controles judiciales pueden facilitar retrocesos institucionales.,none; bibliographic evidence does not modify model parameters automatically,Support corpus for an original article; not a systematic-review outcome.
R000543,1,provisional_include,Mi comprensión de la democracia: un resumen,Przeworski A.,2026,Estudios Sociologicos,scopus,module_D_es,10.24201/es.2026v44.e3079,https://api.elsevier.com/content/abstract/scopus_id/105044014210,https://estudiossociologicos.colmex.mx/index.php/es/article/download/3079/3076,retrieved,drive_open_access,Google Drive OA folder; local extraction drive_13.txt,passed,yes,eligible,included,,AACODS,alta,Introducción,definición de democracia,conceptual,transversal,"La democracia se delimita como competencia, participación y restricciones al poder.",none; bibliographic evidence does not modify model parameters automatically,Support corpus for an original article; not a systematic-review outcome.
R000645,1,provisional_include,"Profissionais da justiça e da segurança pública, conservadorismo e erosão democrática",Maria da Gloria Bonelli,2026,,scielo,module_A_pt,10.1590/scielopreprints.17594,https://doi.org/10.1590/scielopreprints.17594,https://doi.org/10.1590/scielopreprints.17594,retrieved,drive_open_access,Google Drive OA folder; local extraction drive_09.txt,passed,yes,eligible,included,,MMAT_2018,alta,Discusión,"justicia, seguridad y erosión",funcionamiento_gobierno,restrictivo,La actuación de élites jurídicas y de seguridad es relevante para los contrapesos democráticos.,none; bibliographic evidence does not modify model parameters automatically,Support corpus for an original article; not a systematic-review outcome.
R000059,2,uncertain,La calidad de la democracia en el Perú y en América Latina,Martín Tanaka; Catalina Romero; Alberto Adrianzén; Steven Levitsky,2011,La democracia y sus instituciones en debate,crossref,module_A_es,10.18800/9789972429774.009,https://doi.org/10.18800/9789972429774.009,https://repositorio.pucp.edu.pe/bitstreams/180f762d-e0db-4d84-b5e2-bfe3be29002d/download,retrieved,legal_open_web,PUCP_repository_fulltext,passed,yes,eligible,included,,AACODS,alta,Introducción y discusión,trayectoria peruana de calidad democrática,medición_multidimensional,transversal,La calidad democrática peruana debe leerse dentro de su trayectoria institucional y regional.,none; bibliographic evidence does not modify model parameters automatically,Support corpus for an original article; not a systematic-review outcome.
R000065,2,uncertain,Luces y sombras de la calidad de la democracia en América Latina,Manuel Alcántara Saéz,2007,Revista Oficial del Poder Judicial. Órgano de Investigación de la Corte Suprema de Justicia de la República del Perú,crossref,module_A_es,10.35292/ropj.v2i2.154,https://doi.org/10.35292/ropj.v2i2.154,https://doi.org/10.35292/ropj.v2i2.154,retrieved,legal_open_web,OA_pdf,passed,yes,eligible,included,,METHOD_RELEVANCE,alta,Métodos y limitaciones,comparación de índices,medición_multidimensional,transversal,"Los índices de democracia difieren en concepto, fuentes y agregación.",none; bibliographic evidence does not modify model parameters automatically,Support corpus for an original article; not a systematic-review outcome.
R000071,2,uncertain,DESCONSOLIDAÇÃO DEMOCRÁTICA NA AMÉRICA LATINA,Fidel Terenciano,2018,Democracia na América Latina,crossref,module_A_pt,10.2307/j.ctvn96fr4.11,https://doi.org/10.2307/j.ctvn96fr4.11,https://doi.org/10.2307/j.ctvn96fr4.11,retrieved,legal_open_web,JSTOR_OA_XML,passed,yes,eligible,included,,AACODS,alta,Introducción y discusión,desconsolidación latinoamericana,contexto_regional,restrictivo,La desconsolidación democrática latinoamericana ofrece el marco regional del caso peruano.,none; bibliographic evidence does not modify model parameters automatically,Support corpus for an original article; not a systematic-review outcome.
R000072,2,uncertain,"Democracia, desigualdades e corrupção: uma análise da qualidade democrática na América latina.",Maria Salete Souza de Amorim,2015,Século XXI – Revista de Ciências Sociais,crossref,module_A_pt,10.5902/2236672521590,https://doi.org/10.5902/2236672521590,https://periodicos.ufsm.br/seculoxxi/article/download/21590/13113,retrieved,legal_open_web,OA_pdf,passed,yes,eligible,included,,MMAT_2018,moderada,Discusión,desigualdad y corrupción,funcionamiento_gobierno,continuidad,Desigualdad y corrupción condicionan desempeño institucional y apoyo democrático.,none; bibliographic evidence does not modify model parameters automatically,Support corpus for an original article; not a systematic-review outcome.
R000074,2,uncertain,La controvertida democracia representativa,Hugo Quiroga,2019,Elecciones y legitimidad democrática en América Latina,crossref,module_A_pt,10.2307/j.ctvt6rkct.17,https://doi.org/10.2307/j.ctvt6rkct.17,https://doi.org/10.2307/j.ctvt6rkct.17,retrieved,legal_open_web,OA_book_pdf,passed,yes,eligible,included,,AACODS,alta,Introducción,democracia representativa,conceptual,transversal,"La democracia representativa combina autorización electoral, control y rendición de cuentas.",none; bibliographic evidence does not modify model parameters automatically,Support corpus for an original article; not a systematic-review outcome.
R000097,2,uncertain,"Representatividad, participación y política: nuevo foco para el viejo debate sobre la función pública en América Latina",Mercedes Iacovello,2012,Revista Buen Gobierno,crossref,module_B_es,10.35247/buengob_12_05,https://doi.org/10.35247/buengob_12_05,https://doi.org/10.35247/buengob_12_05,retrieved,legal_open_web,OA_pdf,passed,yes,eligible,included,,MMAT_2018,moderada,Discusión,función pública y representación,funcionamiento_gobierno,recuperacion,La capacidad administrativa y la representación deben diferenciarse analíticamente.,none; bibliographic evidence does not modify model parameters automatically,Support corpus for an original article; not a systematic-review outcome.
R000103,2,uncertain,Notas introductorias sobre el populismo y la cultura política en el área andina de América Latina,H.C.F. Mansilla,2009,Ciências Sociais Unisinos,crossref,module_B_pt,10.4013/csu.2009.45.2.02,https://doi.org/10.4013/csu.2009.45.2.02,https://revistas.unisinos.br/index.php/ciencias_sociais/article/download/4890/2145/15814,retrieved,legal_open_web,OA_pdf,passed,yes,eligible,included,,MMAT_2018,moderada,Introducción y discusión,populismo y cultura política andina,cultura_politica,restrictivo,La cultura política andina aporta contexto a la relación entre populismo y democracia.,none; bibliographic evidence does not modify model parameters automatically,Support corpus for an original article; not a systematic-review outcome.
R000108,2,uncertain,An Internal Validation Assessment of Scale Across Social Vulnerability Index Model Structures (Uncertainty and Global Sensitivity Analysis),Selena Hinojos; Caitlin Grady,2025,HydroShare Resources,crossref,module_C_en,10.4211/hs.719a8d719907435dade9102aa9a0fa8d,https://doi.org/10.4211/hs.719a8d719907435dade9102aa9a0fa8d,https://doi.org/10.4211/hs.719a8d719907435dade9102aa9a0fa8d,retrieved,legal_open_web,HydroShare_SSRN_fulltext,passed,yes,eligible,included,,METHOD_RELEVANCE,alta,Métodos y limitaciones,sensibilidad de índice compuesto,sensibilidad,transversal,La incertidumbre de índices compuestos debe propagarse y comunicarse mediante bandas.,none; bibliographic evidence does not modify model parameters automatically,Support corpus for an original article; not a systematic-review outcome.
R000175,2,uncertain,El control constitucional de las resoluciones electorales en el Perú,César Landa,2011,Revista Elecciones,crossref,module_E_es,10.53557/elecciones.2011.v10n11.02,https://doi.org/10.53557/elecciones.2011.v10n11.02,https://doi.org/10.53557/elecciones.2011.v10n11.02,retrieved,legal_open_web,ONPE_fulltext,passed,yes,eligible,included,,MMAT_2018,alta,Discusión,control constitucional electoral,proceso_electoral,recuperacion,El control constitucional en materia electoral integra la arquitectura de contrapesos.,none; bibliographic evidence does not modify model parameters automatically,Support corpus for an original article; not a systematic-review outcome.
R000201,2,uncertain,Reforma política : para consolidar el régimen democrático,"Pease García, Henry",2008,,core,module_A_es,10.18800/9789972428531,https://core.ac.uk/download/655679774.pdf,https://core.ac.uk/download/655679774.pdf,retrieved,legal_open_web,PUCP_repository_fulltext,passed,yes,eligible,included,,AACODS,alta,Discusión,reforma política peruana,funcionamiento_gobierno,recuperacion,La reforma política delimita opciones institucionales plausibles de recuperación.,none; bibliographic evidence does not modify model parameters automatically,Support corpus for an original article; not a systematic-review outcome.
R000643,2,uncertain,Neoconservadorismo na América Latina: o ataque aos direitos sexuais e reprodutivos como elemento da erosão democrática,Joyce Miranda Leão Martins,2022,Revista Brasileira de Ciência Política,scielo,module_A_pt,10.1590/0103-3352.2022.37.254322,https://doi.org/10.1590/0103-3352.2022.37.254322,https://doi.org/10.1590/0103-3352.2022.37.254322,retrieved,legal_open_web,scielo_full_html,passed,yes,eligible,included,,MMAT_2018,alta,Discusión,derechos y erosión regional,libertades_civiles,restrictivo,Las agendas neoconservadoras pueden afectar derechos y libertades en contextos de erosión.,none; bibliographic evidence does not modify model parameters automatically,Support corpus for an original article; not a systematic-review outcome.
