Perfil,Fuente,Idioma,Rol / módulo,String ejecutado,Prioridad
module_A_es,openalex,es,Erosión y calidad democrática,erosión democrática retroceso democrático autocratización régimen híbrido calidad de la democracia Perú América Latina región andina,1
module_A_es,crossref,es,Erosión y calidad democrática,erosión democrática retroceso democrático autocratización régimen híbrido calidad de la democracia Perú América Latina región andina,1
module_A_es,semantic_scholar,es,Erosión y calidad democrática,"""erosión democrática"" ""retroceso democrático"" autocratización ""régimen híbrido"" ""calidad de la democracia"" Perú ""América Latina"" ""región andina""",1
module_A_es,core,es,Erosión y calidad democrática,erosión democrática retroceso democrático autocratización régimen híbrido calidad de la democracia Perú América Latina región andina,1
module_A_es,arxiv,es,Erosión y calidad democrática,"""erosión democrática"" ""retroceso democrático"" autocratización ""régimen híbrido"" ""calidad de la democracia"" Perú ""América Latina"" ""región andina""",1
module_A_es,scopus,es,Erosión y calidad democrática,"(""erosión democrática"" OR ""retroceso democrático"" OR autocratización OR ""régimen híbrido"" OR ""calidad de la democracia"") AND (Perú OR ""América Latina"" OR ""región andina"")",1
module_A_es,scielo,es,Erosión y calidad democrática,erosión democrática retroceso democrático autocratización régimen híbrido calidad de la democracia Perú América Latina región andina,1
module_A_en,openalex,en,Erosión y calidad democrática,democratic erosion democratic backsliding autocratization hybrid regime quality of democracy Peru Latin America Andean region,1
module_A_en,crossref,en,Erosión y calidad democrática,democratic erosion democratic backsliding autocratization hybrid regime quality of democracy Peru Latin America Andean region,1
module_A_en,semantic_scholar,en,Erosión y calidad democrática,"""democratic erosion"" ""democratic backsliding"" autocratization ""hybrid regime"" ""quality of democracy"" Peru ""Latin America"" ""Andean region""",1
module_A_en,core,en,Erosión y calidad democrática,democratic erosion democratic backsliding autocratization hybrid regime quality of democracy Peru Latin America Andean region,1
module_A_en,arxiv,en,Erosión y calidad democrática,"""democratic erosion"" ""democratic backsliding"" autocratization ""hybrid regime"" ""quality of democracy"" Peru ""Latin America"" ""Andean region""",1
module_A_en,scopus,en,Erosión y calidad democrática,"TITLE-ABS-KEY((""democratic erosion"" OR ""democratic backsliding"" OR autocratization OR ""hybrid regime"" OR ""quality of democracy"") AND (Peru OR ""Latin America"" OR ""Andean region""))",1
module_A_en,scielo,en,Erosión y calidad democrática,democratic erosion democratic backsliding autocratization hybrid regime quality of democracy Peru Latin America Andean region,1
module_A_pt,openalex,pt,Erosión y calidad democrática,erosão democrática retrocesso democrático autocratização regime híbrido qualidade da democracia Peru América Latina região andina,1
module_A_pt,crossref,pt,Erosión y calidad democrática,erosão democrática retrocesso democrático autocratização regime híbrido qualidade da democracia Peru América Latina região andina,1
module_A_pt,semantic_scholar,pt,Erosión y calidad democrática,"""erosão democrática"" ""retrocesso democrático"" autocratização ""regime híbrido"" ""qualidade da democracia"" Peru ""América Latina"" ""região andina""",1
module_A_pt,core,pt,Erosión y calidad democrática,erosão democrática retrocesso democrático autocratização regime híbrido qualidade da democracia Peru América Latina região andina,1
module_A_pt,arxiv,pt,Erosión y calidad democrática,"""erosão democrática"" ""retrocesso democrático"" autocratização ""regime híbrido"" ""qualidade da democracia"" Peru ""América Latina"" ""região andina""",1
module_A_pt,scopus,pt,Erosión y calidad democrática,"(""erosão democrática"" OR ""retrocesso democrático"" OR autocratização OR ""regime híbrido"" OR ""qualidade da democracia"") AND (Peru OR ""América Latina"" OR ""região andina"")",1
module_A_pt,scielo,pt,Erosión y calidad democrática,erosão democrática retrocesso democrático autocratização regime híbrido qualidade da democracia Peru América Latina região andina,1
module_B_es,openalex,es,"Dimensiones, instituciones, elecciones y derechos",Perú América Latina región andina integridad electoral funcionamiento del gobierno participación política cultura política libertades civiles controles y contrapesos relaciones Ejecutivo-Congreso securitización,2
module_B_es,crossref,es,"Dimensiones, instituciones, elecciones y derechos",Perú América Latina región andina integridad electoral funcionamiento del gobierno participación política cultura política libertades civiles controles y contrapesos relaciones Ejecutivo-Congreso securitización,2
module_B_es,semantic_scholar,es,"Dimensiones, instituciones, elecciones y derechos","Perú ""América Latina"" ""región andina"" ""integridad electoral"" ""funcionamiento del gobierno"" ""participación política"" ""cultura política"" ""libertades civiles"" ""controles y contrapesos"" ""relaciones Ejecutivo-Congreso"" securitización",2
module_B_es,core,es,"Dimensiones, instituciones, elecciones y derechos",Perú América Latina región andina integridad electoral funcionamiento del gobierno participación política cultura política libertades civiles controles y contrapesos relaciones Ejecutivo-Congreso securitización,2
module_B_es,arxiv,es,"Dimensiones, instituciones, elecciones y derechos","Perú ""América Latina"" ""región andina"" ""integridad electoral"" ""funcionamiento del gobierno"" ""participación política"" ""cultura política"" ""libertades civiles"" ""controles y contrapesos"" ""relaciones Ejecutivo-Congreso"" securitización",2
module_B_es,scopus,es,"Dimensiones, instituciones, elecciones y derechos","(Perú OR ""América Latina"" OR ""región andina"") AND (""integridad electoral"" OR ""funcionamiento del gobierno"" OR ""participación política"" OR ""cultura política"" OR ""libertades civiles"" OR ""controles y contrapesos"" OR ""relaciones Ejecutivo-Congreso"" OR securitización)",2
module_B_es,scielo,es,"Dimensiones, instituciones, elecciones y derechos",Perú América Latina región andina integridad electoral funcionamiento del gobierno participación política cultura política libertades civiles controles y contrapesos relaciones Ejecutivo-Congreso securitización,2
module_B_en,openalex,en,"Dimensiones, instituciones, elecciones y derechos",Peru Latin America Andean region electoral integrity functioning of government political participation political culture civil liberties checks balances executive-legislative relations securitization,2
module_B_en,crossref,en,"Dimensiones, instituciones, elecciones y derechos",Peru Latin America Andean region electoral integrity functioning of government political participation political culture civil liberties checks balances executive-legislative relations securitization,2
module_B_en,semantic_scholar,en,"Dimensiones, instituciones, elecciones y derechos","Peru ""Latin America"" ""Andean region"" ""electoral integrity"" ""functioning of government"" ""political participation"" ""political culture"" ""civil liberties"" ""checks balances"" ""executive-legislative relations"" securitization",2
module_B_en,core,en,"Dimensiones, instituciones, elecciones y derechos",Peru Latin America Andean region electoral integrity functioning of government political participation political culture civil liberties checks balances executive-legislative relations securitization,2
module_B_en,arxiv,en,"Dimensiones, instituciones, elecciones y derechos","Peru ""Latin America"" ""Andean region"" ""electoral integrity"" ""functioning of government"" ""political participation"" ""political culture"" ""civil liberties"" ""checks balances"" ""executive-legislative relations"" securitization",2
module_B_en,scopus,en,"Dimensiones, instituciones, elecciones y derechos","TITLE-ABS-KEY((Peru OR ""Latin America"" OR ""Andean region"") AND (""electoral integrity"" OR ""functioning of government"" OR ""political participation"" OR ""political culture"" OR ""civil liberties"" OR ""checks and balances"" OR ""executive-legislative relations"" OR securitization))",2
module_B_en,scielo,en,"Dimensiones, instituciones, elecciones y derechos",Peru Latin America Andean region electoral integrity functioning of government political participation political culture civil liberties checks balances executive-legislative relations securitization,2
module_B_pt,openalex,pt,"Dimensiones, instituciones, elecciones y derechos",Peru América Latina região andina integridade eleitoral funcionamento do governo participação política cultura política liberdades civis freios e contrapesos relações Executivo-Legislativo securitização,2
module_B_pt,crossref,pt,"Dimensiones, instituciones, elecciones y derechos",Peru América Latina região andina integridade eleitoral funcionamento do governo participação política cultura política liberdades civis freios e contrapesos relações Executivo-Legislativo securitização,2
module_B_pt,semantic_scholar,pt,"Dimensiones, instituciones, elecciones y derechos","Peru ""América Latina"" ""região andina"" ""integridade eleitoral"" ""funcionamento do governo"" ""participação política"" ""cultura política"" ""liberdades civis"" ""freios e contrapesos"" ""relações Executivo-Legislativo"" securitização",2
module_B_pt,core,pt,"Dimensiones, instituciones, elecciones y derechos",Peru América Latina região andina integridade eleitoral funcionamento do governo participação política cultura política liberdades civis freios e contrapesos relações Executivo-Legislativo securitização,2
module_B_pt,arxiv,pt,"Dimensiones, instituciones, elecciones y derechos","Peru ""América Latina"" ""região andina"" ""integridade eleitoral"" ""funcionamento do governo"" ""participação política"" ""cultura política"" ""liberdades civis"" ""freios e contrapesos"" ""relações Executivo-Legislativo"" securitização",2
module_B_pt,scopus,pt,"Dimensiones, instituciones, elecciones y derechos","(Peru OR ""América Latina"" OR ""região andina"") AND (""integridade eleitoral"" OR ""funcionamento do governo"" OR ""participação política"" OR ""cultura política"" OR ""liberdades civis"" OR ""freios e contrapesos"" OR ""relações Executivo-Legislativo"" OR securitização)",2
module_B_pt,scielo,pt,"Dimensiones, instituciones, elecciones y derechos",Peru América Latina região andina integridade eleitoral funcionamento do governo participação política cultura política liberdades civis freios e contrapesos relações Executivo-Legislativo securitização,2
module_C_es,openalex,es,"Medición democrática, índices, validez e incertidumbre",medición de la democracia índice de democracia índice compuesto dimensión latente validación validez incertidumbre análisis de sensibilidad,3
module_C_es,crossref,es,"Medición democrática, índices, validez e incertidumbre",medición de la democracia índice de democracia índice compuesto dimensión latente validación validez incertidumbre análisis de sensibilidad,3
module_C_es,semantic_scholar,es,"Medición democrática, índices, validez e incertidumbre","""medición de la democracia"" ""índice de democracia"" ""índice compuesto"" ""dimensión latente"" validación validez incertidumbre ""análisis de sensibilidad""",3
module_C_es,core,es,"Medición democrática, índices, validez e incertidumbre",medición de la democracia índice de democracia índice compuesto dimensión latente validación validez incertidumbre análisis de sensibilidad,3
module_C_es,arxiv,es,"Medición democrática, índices, validez e incertidumbre","""medición de la democracia"" ""índice de democracia"" ""índice compuesto"" ""dimensión latente"" validación validez incertidumbre ""análisis de sensibilidad""",3
module_C_es,scopus,es,"Medición democrática, índices, validez e incertidumbre","(""medición de la democracia"" OR ""índice de democracia"" OR ""índice compuesto"" OR ""dimensión latente"") AND (validación OR validez OR incertidumbre OR ""análisis de sensibilidad"")",3
module_C_es,scielo,es,"Medición democrática, índices, validez e incertidumbre",medición de la democracia índice de democracia índice compuesto dimensión latente validación validez incertidumbre análisis de sensibilidad,3
module_C_en,openalex,en,"Medición democrática, índices, validez e incertidumbre",democracy measurement democracy index composite index latent dimension validation validity uncertainty sensitivity analysis,3
module_C_en,crossref,en,"Medición democrática, índices, validez e incertidumbre",democracy measurement democracy index composite index latent dimension validation validity uncertainty sensitivity analysis,3
module_C_en,semantic_scholar,en,"Medición democrática, índices, validez e incertidumbre","""democracy measurement"" ""democracy index"" ""composite index"" ""latent dimension"" validation validity uncertainty ""sensitivity analysis""",3
module_C_en,core,en,"Medición democrática, índices, validez e incertidumbre",democracy measurement democracy index composite index latent dimension validation validity uncertainty sensitivity analysis,3
module_C_en,arxiv,en,"Medición democrática, índices, validez e incertidumbre","""democracy measurement"" ""democracy index"" ""composite index"" ""latent dimension"" validation validity uncertainty ""sensitivity analysis""",3
module_C_en,scopus,en,"Medición democrática, índices, validez e incertidumbre","TITLE-ABS-KEY((""democracy measurement"" OR ""democracy index"" OR ""composite index"" OR ""latent dimension"") AND (validation OR validity OR uncertainty OR ""sensitivity analysis""))",3
module_C_en,scielo,en,"Medición democrática, índices, validez e incertidumbre",democracy measurement democracy index composite index latent dimension validation validity uncertainty sensitivity analysis,3
module_C_pt,openalex,pt,"Medición democrática, índices, validez e incertidumbre",mensuração da democracia índice de democracia índice composto dimensão latente validação validade incerteza sensibilidade análise de sensibilidade,3
module_C_pt,crossref,pt,"Medición democrática, índices, validez e incertidumbre",mensuração da democracia índice de democracia índice composto dimensão latente validação validade incerteza sensibilidade análise de sensibilidade,3
module_C_pt,semantic_scholar,pt,"Medición democrática, índices, validez e incertidumbre","""mensuração da democracia"" ""índice de democracia"" ""índice composto"" ""dimensão latente"" validação validade incerteza sensibilidade ""análise de sensibilidade""",3
module_C_pt,core,pt,"Medición democrática, índices, validez e incertidumbre",mensuração da democracia índice de democracia índice composto dimensão latente validação validade incerteza sensibilidade análise de sensibilidade,3
module_C_pt,arxiv,pt,"Medición democrática, índices, validez e incertidumbre","""mensuração da democracia"" ""índice de democracia"" ""índice composto"" ""dimensão latente"" validação validade incerteza sensibilidade ""análise de sensibilidade""",3
module_C_pt,scopus,pt,"Medición democrática, índices, validez e incertidumbre","(""mensuração da democracia"" OR ""índice de democracia"" OR ""índice composto"" OR ""dimensão latente"") AND (validação OR validade OR incerteza OR sensibilidade OR ""análise de sensibilidade"")",3
module_C_pt,scielo,pt,"Medición democrática, índices, validez e incertidumbre",mensuração da democracia índice de democracia índice composto dimensão latente validação validade incerteza sensibilidade análise de sensibilidade,3
module_D_es,openalex,es,"Prospectiva, escenarios exploratorios y sensibilidad",prospectiva estudios de futuro planificación por escenarios escenario exploratorio propagación de incertidumbre Monte Carlo análisis de sensibilidad democracia gobernanza institución política,4
module_D_es,crossref,es,"Prospectiva, escenarios exploratorios y sensibilidad",prospectiva estudios de futuro planificación por escenarios escenario exploratorio propagación de incertidumbre Monte Carlo análisis de sensibilidad democracia gobernanza institución política,4
module_D_es,semantic_scholar,es,"Prospectiva, escenarios exploratorios y sensibilidad","prospectiva ""estudios de futuro"" ""planificación por escenarios"" ""escenario exploratorio"" ""propagación de incertidumbre"" ""Monte Carlo"" ""análisis de sensibilidad"" democracia gobernanza ""institución política""",4
module_D_es,core,es,"Prospectiva, escenarios exploratorios y sensibilidad",prospectiva estudios de futuro planificación por escenarios escenario exploratorio propagación de incertidumbre Monte Carlo análisis de sensibilidad democracia gobernanza institución política,4
module_D_es,arxiv,es,"Prospectiva, escenarios exploratorios y sensibilidad","prospectiva ""estudios de futuro"" ""planificación por escenarios"" ""escenario exploratorio"" ""propagación de incertidumbre"" ""Monte Carlo"" ""análisis de sensibilidad"" democracia gobernanza ""institución política""",4
module_D_es,scopus,es,"Prospectiva, escenarios exploratorios y sensibilidad","(prospectiva OR ""estudios de futuro"" OR ""planificación por escenarios"" OR ""escenario exploratorio"" OR ""propagación de incertidumbre"" OR ""Monte Carlo"" OR ""análisis de sensibilidad"") AND (democracia OR gobernanza OR ""institución política"")",4
module_D_es,scielo,es,"Prospectiva, escenarios exploratorios y sensibilidad",prospectiva estudios de futuro planificación por escenarios escenario exploratorio propagación de incertidumbre Monte Carlo análisis de sensibilidad democracia gobernanza institución política,4
module_D_en,openalex,en,"Prospectiva, escenarios exploratorios y sensibilidad",foresight future studies scenario planning exploratory scenario uncertainty propagation Monte Carlo sensitivity analysis democracy governance political institution,4
module_D_en,crossref,en,"Prospectiva, escenarios exploratorios y sensibilidad",foresight future studies scenario planning exploratory scenario uncertainty propagation Monte Carlo sensitivity analysis democracy governance political institution,4
module_D_en,semantic_scholar,en,"Prospectiva, escenarios exploratorios y sensibilidad","foresight ""future studies"" ""scenario planning"" ""exploratory scenario"" ""uncertainty propagation"" ""Monte Carlo"" ""sensitivity analysis"" democracy governance ""political institution""",4
module_D_en,core,en,"Prospectiva, escenarios exploratorios y sensibilidad",foresight future studies scenario planning exploratory scenario uncertainty propagation Monte Carlo sensitivity analysis democracy governance political institution,4
module_D_en,arxiv,en,"Prospectiva, escenarios exploratorios y sensibilidad","foresight ""future studies"" ""scenario planning"" ""exploratory scenario"" ""uncertainty propagation"" ""Monte Carlo"" ""sensitivity analysis"" democracy governance ""political institution""",4
module_D_en,scopus,en,"Prospectiva, escenarios exploratorios y sensibilidad","TITLE-ABS-KEY((foresight OR ""future studies"" OR ""scenario planning"" OR ""exploratory scenario"" OR ""uncertainty propagation"" OR ""Monte Carlo"" OR ""sensitivity analysis"") AND (democracy OR governance OR ""political institution""))",4
module_D_en,scielo,en,"Prospectiva, escenarios exploratorios y sensibilidad",foresight future studies scenario planning exploratory scenario uncertainty propagation Monte Carlo sensitivity analysis democracy governance political institution,4
module_D_pt,openalex,pt,"Prospectiva, escenarios exploratorios y sensibilidad",prospectiva estudos de futuro planejamento de cenários cenário exploratório propagação de incerteza Monte Carlo análise de sensibilidade democracia governança instituição política,4
module_D_pt,crossref,pt,"Prospectiva, escenarios exploratorios y sensibilidad",prospectiva estudos de futuro planejamento de cenários cenário exploratório propagação de incerteza Monte Carlo análise de sensibilidade democracia governança instituição política,4
module_D_pt,semantic_scholar,pt,"Prospectiva, escenarios exploratorios y sensibilidad","prospectiva ""estudos de futuro"" ""planejamento de cenários"" ""cenário exploratório"" ""propagação de incerteza"" ""Monte Carlo"" ""análise de sensibilidade"" democracia governança ""instituição política""",4
module_D_pt,core,pt,"Prospectiva, escenarios exploratorios y sensibilidad",prospectiva estudos de futuro planejamento de cenários cenário exploratório propagação de incerteza Monte Carlo análise de sensibilidade democracia governança instituição política,4
module_D_pt,arxiv,pt,"Prospectiva, escenarios exploratorios y sensibilidad","prospectiva ""estudos de futuro"" ""planejamento de cenários"" ""cenário exploratório"" ""propagação de incerteza"" ""Monte Carlo"" ""análise de sensibilidade"" democracia governança ""instituição política""",4
module_D_pt,scopus,pt,"Prospectiva, escenarios exploratorios y sensibilidad","(prospectiva OR ""estudos de futuro"" OR ""planejamento de cenários"" OR ""cenário exploratório"" OR ""propagação de incerteza"" OR ""Monte Carlo"" OR ""análise de sensibilidade"") AND (democracia OR governança OR ""instituição política"")",4
module_D_pt,scielo,pt,"Prospectiva, escenarios exploratorios y sensibilidad",prospectiva estudos de futuro planejamento de cenários cenário exploratório propagação de incerteza Monte Carlo análise de sensibilidade democracia governança instituição política,4
module_E_es,openalex,es,"Perú 2026, evidencia electoral e institucional post-electoral",Perú elecciones generales 2026 observación electoral resultados electorales Congreso bicameral seguridad securitización,5
module_E_es,crossref,es,"Perú 2026, evidencia electoral e institucional post-electoral",Perú elecciones generales 2026 observación electoral resultados electorales Congreso bicameral seguridad securitización,5
module_E_es,semantic_scholar,es,"Perú 2026, evidencia electoral e institucional post-electoral","Perú ""elecciones generales 2026"" ""observación electoral"" ""resultados electorales"" ""Congreso bicameral"" seguridad securitización",5
module_E_es,core,es,"Perú 2026, evidencia electoral e institucional post-electoral",Perú elecciones generales 2026 observación electoral resultados electorales Congreso bicameral seguridad securitización,5
module_E_es,arxiv,es,"Perú 2026, evidencia electoral e institucional post-electoral","Perú ""elecciones generales 2026"" ""observación electoral"" ""resultados electorales"" ""Congreso bicameral"" seguridad securitización",5
module_E_es,scopus,es,"Perú 2026, evidencia electoral e institucional post-electoral","(Perú) AND (""elecciones generales 2026"" OR ""observación electoral"" OR ""resultados electorales"" OR ""Congreso bicameral"" OR seguridad OR securitización)",5
module_E_es,scielo,es,"Perú 2026, evidencia electoral e institucional post-electoral",Perú elecciones generales 2026 observación electoral resultados electorales Congreso bicameral seguridad securitización,5
module_E_en,openalex,en,"Perú 2026, evidencia electoral e institucional post-electoral",Peru general election 2026 election observation electoral results bicameral Congress security securitization,5
module_E_en,crossref,en,"Perú 2026, evidencia electoral e institucional post-electoral",Peru general election 2026 election observation electoral results bicameral Congress security securitization,5
module_E_en,semantic_scholar,en,"Perú 2026, evidencia electoral e institucional post-electoral","Peru ""general election 2026"" ""election observation"" ""electoral results"" ""bicameral Congress"" security securitization",5
module_E_en,core,en,"Perú 2026, evidencia electoral e institucional post-electoral",Peru general election 2026 election observation electoral results bicameral Congress security securitization,5
module_E_en,arxiv,en,"Perú 2026, evidencia electoral e institucional post-electoral","Peru ""general election 2026"" ""election observation"" ""electoral results"" ""bicameral Congress"" security securitization",5
module_E_en,scopus,en,"Perú 2026, evidencia electoral e institucional post-electoral","TITLE-ABS-KEY(Peru AND (""general election 2026"" OR ""election observation"" OR ""electoral results"" OR ""bicameral Congress"" OR security OR securitization))",5
module_E_en,scielo,en,"Perú 2026, evidencia electoral e institucional post-electoral",Peru general election 2026 election observation electoral results bicameral Congress security securitization,5
module_E_pt,openalex,pt,"Perú 2026, evidencia electoral e institucional post-electoral",Peru eleições gerais 2026 observação eleitoral resultados eleitorais Congresso bicameral segurança securitização,5
module_E_pt,crossref,pt,"Perú 2026, evidencia electoral e institucional post-electoral",Peru eleições gerais 2026 observação eleitoral resultados eleitorais Congresso bicameral segurança securitização,5
module_E_pt,semantic_scholar,pt,"Perú 2026, evidencia electoral e institucional post-electoral","Peru ""eleições gerais 2026"" ""observação eleitoral"" ""resultados eleitorais"" ""Congresso bicameral"" segurança securitização",5
module_E_pt,core,pt,"Perú 2026, evidencia electoral e institucional post-electoral",Peru eleições gerais 2026 observação eleitoral resultados eleitorais Congresso bicameral segurança securitização,5
module_E_pt,arxiv,pt,"Perú 2026, evidencia electoral e institucional post-electoral","Peru ""eleições gerais 2026"" ""observação eleitoral"" ""resultados eleitorais"" ""Congresso bicameral"" segurança securitização",5
module_E_pt,scopus,pt,"Perú 2026, evidencia electoral e institucional post-electoral","(Peru) AND (""eleições gerais 2026"" OR ""observação eleitoral"" OR ""resultados eleitorais"" OR ""Congresso bicameral"" OR segurança OR securitização)",5
module_E_pt,scielo,pt,"Perú 2026, evidencia electoral e institucional post-electoral",Peru eleições gerais 2026 observação eleitoral resultados eleitorais Congresso bicameral segurança securitização,5
